gender,device_type,delivered_orders,delivered_net_revenue
female,mobile,114097,2768697265.32
female,desktop,101417,2454891371.02
female,tablet,37747,907746514.54
male,mobile,109815,2658812926.55
male,desktop,97547,2355899835.36
male,tablet,36223,884860577.75
non-binary,mobile,8960,219024518.2
non-binary,desktop,7856,192338429.8
non-binary,tablet,3054,75904518.66
